{"assets/2.0x/ic_about.png":["assets/2.0x/ic_about.png"],"assets/2.0x/ic_about_selected.png":["assets/2.0x/ic_about_selected.png"],"assets/2.0x/ic_arrow_back.png":["assets/2.0x/ic_arrow_back.png"],"assets/2.0x/ic_articles.png":["assets/2.0x/ic_articles.png"],"assets/2.0x/ic_articles_selected.png":["assets/2.0x/ic_articles_selected.png"],"assets/2.0x/ic_attach.png":["assets/2.0x/ic_attach.png"],"assets/2.0x/ic_basic.png":["assets/2.0x/ic_basic.png"],"assets/2.0x/ic_catalog.png":["assets/2.0x/ic_catalog.png"],"assets/2.0x/ic_catalog_logo.png":["assets/2.0x/ic_catalog_logo.png"],"assets/2.0x/ic_catalog_selected.png":["assets/2.0x/ic_catalog_selected.png"],"assets/2.0x/ic_childhood.png":["assets/2.0x/ic_childhood.png"],"assets/2.0x/ic_clear.png":["assets/2.0x/ic_clear.png"],"assets/2.0x/ic_comment.png":["assets/2.0x/ic_comment.png"],"assets/2.0x/ic_contacts.png":["assets/2.0x/ic_contacts.png"],"assets/2.0x/ic_contacts_selected.png":["assets/2.0x/ic_contacts_selected.png"],"assets/2.0x/ic_copy.png":["assets/2.0x/ic_copy.png"],"assets/2.0x/ic_dislike.png":["assets/2.0x/ic_dislike.png"],"assets/2.0x/ic_dislike_selected.png":["assets/2.0x/ic_dislike_selected.png"],"assets/2.0x/ic_drugs.png":["assets/2.0x/ic_drugs.png"],"assets/2.0x/ic_edit.png":["assets/2.0x/ic_edit.png"],"assets/2.0x/ic_email.png":["assets/2.0x/ic_email.png"],"assets/2.0x/ic_empty_star.png":["assets/2.0x/ic_empty_star.png"],"assets/2.0x/ic_extra.png":["assets/2.0x/ic_extra.png"],"assets/2.0x/ic_file.png":["assets/2.0x/ic_file.png"],"assets/2.0x/ic_filter.png":["assets/2.0x/ic_filter.png"],"assets/2.0x/ic_half_star.png":["assets/2.0x/ic_half_star.png"],"assets/2.0x/ic_image.png":["assets/2.0x/ic_image.png"],"assets/2.0x/ic_like.png":["assets/2.0x/ic_like.png"],"assets/2.0x/ic_like_selected.png":["assets/2.0x/ic_like_selected.png"],"assets/2.0x/ic_location.png":["assets/2.0x/ic_location.png"],"assets/2.0x/ic_materials.png":["assets/2.0x/ic_materials.png"],"assets/2.0x/ic_minus.png":["assets/2.0x/ic_minus.png"],"assets/2.0x/ic_new.png":["assets/2.0x/ic_new.png"],"assets/2.0x/ic_orthodontics.png":["assets/2.0x/ic_orthodontics.png"],"assets/2.0x/ic_orthopedics.png":["assets/2.0x/ic_orthopedics.png"],"assets/2.0x/ic_owner.png":["assets/2.0x/ic_owner.png"],"assets/2.0x/ic_plus.png":["assets/2.0x/ic_plus.png"],"assets/2.0x/ic_profile.png":["assets/2.0x/ic_profile.png"],"assets/2.0x/ic_reviews.png":["assets/2.0x/ic_reviews.png"],"assets/2.0x/ic_right_arrow.png":["assets/2.0x/ic_right_arrow.png"],"assets/2.0x/ic_search.png":["assets/2.0x/ic_search.png"],"assets/2.0x/ic_send_message.png":["assets/2.0x/ic_send_message.png"],"assets/2.0x/ic_star.png":["assets/2.0x/ic_star.png"],"assets/2.0x/ic_stom_club.png":["assets/2.0x/ic_stom_club.png"],"assets/2.0x/ic_surgery.png":["assets/2.0x/ic_surgery.png"],"assets/2.0x/ic_telegram.png":["assets/2.0x/ic_telegram.png"],"assets/2.0x/ic_text_logo.png":["assets/2.0x/ic_text_logo.png"],"assets/2.0x/ic_therapy.png":["assets/2.0x/ic_therapy.png"],"assets/2.0x/ic_tools.png":["assets/2.0x/ic_tools.png"],"assets/2.0x/ic_tooth.png":["assets/2.0x/ic_tooth.png"],"assets/2.0x/ic_vk.png":["assets/2.0x/ic_vk.png"],"assets/3.0x/ic_about.png":["assets/3.0x/ic_about.png"],"assets/3.0x/ic_about_selected.png":["assets/3.0x/ic_about_selected.png"],"assets/3.0x/ic_arrow_back.png":["assets/3.0x/ic_arrow_back.png"],"assets/3.0x/ic_articles.png":["assets/3.0x/ic_articles.png"],"assets/3.0x/ic_articles_selected.png":["assets/3.0x/ic_articles_selected.png"],"assets/3.0x/ic_attach.png":["assets/3.0x/ic_attach.png"],"assets/3.0x/ic_basic.png":["assets/3.0x/ic_basic.png"],"assets/3.0x/ic_catalog.png":["assets/3.0x/ic_catalog.png"],"assets/3.0x/ic_catalog_logo.png":["assets/3.0x/ic_catalog_logo.png"],"assets/3.0x/ic_catalog_selected.png":["assets/3.0x/ic_catalog_selected.png"],"assets/3.0x/ic_childhood.png":["assets/3.0x/ic_childhood.png"],"assets/3.0x/ic_clear.png":["assets/3.0x/ic_clear.png"],"assets/3.0x/ic_comment.png":["assets/3.0x/ic_comment.png"],"assets/3.0x/ic_contacts.png":["assets/3.0x/ic_contacts.png"],"assets/3.0x/ic_contacts_selected.png":["assets/3.0x/ic_contacts_selected.png"],"assets/3.0x/ic_copy.png":["assets/3.0x/ic_copy.png"],"assets/3.0x/ic_dislike.png":["assets/3.0x/ic_dislike.png"],"assets/3.0x/ic_dislike_selected.png":["assets/3.0x/ic_dislike_selected.png"],"assets/3.0x/ic_drugs.png":["assets/3.0x/ic_drugs.png"],"assets/3.0x/ic_edit.png":["assets/3.0x/ic_edit.png"],"assets/3.0x/ic_email.png":["assets/3.0x/ic_email.png"],"assets/3.0x/ic_empty_star.png":["assets/3.0x/ic_empty_star.png"],"assets/3.0x/ic_extra.png":["assets/3.0x/ic_extra.png"],"assets/3.0x/ic_file.png":["assets/3.0x/ic_file.png"],"assets/3.0x/ic_filter.png":["assets/3.0x/ic_filter.png"],"assets/3.0x/ic_half_star.png":["assets/3.0x/ic_half_star.png"],"assets/3.0x/ic_image.png":["assets/3.0x/ic_image.png"],"assets/3.0x/ic_like.png":["assets/3.0x/ic_like.png"],"assets/3.0x/ic_like_selected.png":["assets/3.0x/ic_like_selected.png"],"assets/3.0x/ic_location.png":["assets/3.0x/ic_location.png"],"assets/3.0x/ic_materials.png":["assets/3.0x/ic_materials.png"],"assets/3.0x/ic_minus.png":["assets/3.0x/ic_minus.png"],"assets/3.0x/ic_new.png":["assets/3.0x/ic_new.png"],"assets/3.0x/ic_orthodontics.png":["assets/3.0x/ic_orthodontics.png"],"assets/3.0x/ic_orthopedics.png":["assets/3.0x/ic_orthopedics.png"],"assets/3.0x/ic_owner.png":["assets/3.0x/ic_owner.png"],"assets/3.0x/ic_plus.png":["assets/3.0x/ic_plus.png"],"assets/3.0x/ic_profile.png":["assets/3.0x/ic_profile.png"],"assets/3.0x/ic_reviews.png":["assets/3.0x/ic_reviews.png"],"assets/3.0x/ic_right_arrow.png":["assets/3.0x/ic_right_arrow.png"],"assets/3.0x/ic_search.png":["assets/3.0x/ic_search.png"],"assets/3.0x/ic_send_message.png":["assets/3.0x/ic_send_message.png"],"assets/3.0x/ic_star.png":["assets/3.0x/ic_star.png"],"assets/3.0x/ic_stom_club.png":["assets/3.0x/ic_stom_club.png"],"assets/3.0x/ic_surgery.png":["assets/3.0x/ic_surgery.png"],"assets/3.0x/ic_telegram.png":["assets/3.0x/ic_telegram.png"],"assets/3.0x/ic_text_logo.png":["assets/3.0x/ic_text_logo.png"],"assets/3.0x/ic_therapy.png":["assets/3.0x/ic_therapy.png"],"assets/3.0x/ic_tools.png":["assets/3.0x/ic_tools.png"],"assets/3.0x/ic_tooth.png":["assets/3.0x/ic_tooth.png"],"assets/3.0x/ic_vk.png":["assets/3.0x/ic_vk.png"],"assets/app_icon.png":["assets/app_icon.png"],"assets/ic_about.png":["assets/ic_about.png","assets/2.0x/ic_about.png","assets/3.0x/ic_about.png"],"assets/ic_about_selected.png":["assets/ic_about_selected.png","assets/2.0x/ic_about_selected.png","assets/3.0x/ic_about_selected.png"],"assets/ic_arrow_back.png":["assets/ic_arrow_back.png","assets/2.0x/ic_arrow_back.png","assets/3.0x/ic_arrow_back.png"],"assets/ic_articles.png":["assets/ic_articles.png","assets/2.0x/ic_articles.png","assets/3.0x/ic_articles.png"],"assets/ic_articles_selected.png":["assets/ic_articles_selected.png","assets/2.0x/ic_articles_selected.png","assets/3.0x/ic_articles_selected.png"],"assets/ic_attach.png":["assets/ic_attach.png","assets/2.0x/ic_attach.png","assets/3.0x/ic_attach.png"],"assets/ic_basic.png":["assets/ic_basic.png","assets/2.0x/ic_basic.png","assets/3.0x/ic_basic.png"],"assets/ic_catalog.png":["assets/ic_catalog.png","assets/2.0x/ic_catalog.png","assets/3.0x/ic_catalog.png"],"assets/ic_catalog_logo.png":["assets/ic_catalog_logo.png","assets/2.0x/ic_catalog_logo.png","assets/3.0x/ic_catalog_logo.png"],"assets/ic_catalog_selected.png":["assets/ic_catalog_selected.png","assets/2.0x/ic_catalog_selected.png","assets/3.0x/ic_catalog_selected.png"],"assets/ic_childhood.png":["assets/ic_childhood.png","assets/2.0x/ic_childhood.png","assets/3.0x/ic_childhood.png"],"assets/ic_clear.png":["assets/ic_clear.png","assets/2.0x/ic_clear.png","assets/3.0x/ic_clear.png"],"assets/ic_comment.png":["assets/ic_comment.png","assets/2.0x/ic_comment.png","assets/3.0x/ic_comment.png"],"assets/ic_contacts.png":["assets/ic_contacts.png","assets/2.0x/ic_contacts.png","assets/3.0x/ic_contacts.png"],"assets/ic_contacts_selected.png":["assets/ic_contacts_selected.png","assets/2.0x/ic_contacts_selected.png","assets/3.0x/ic_contacts_selected.png"],"assets/ic_copy.png":["assets/ic_copy.png","assets/2.0x/ic_copy.png","assets/3.0x/ic_copy.png"],"assets/ic_dislike.png":["assets/ic_dislike.png","assets/2.0x/ic_dislike.png","assets/3.0x/ic_dislike.png"],"assets/ic_dislike_selected.png":["assets/ic_dislike_selected.png","assets/2.0x/ic_dislike_selected.png","assets/3.0x/ic_dislike_selected.png"],"assets/ic_drugs.png":["assets/ic_drugs.png","assets/2.0x/ic_drugs.png","assets/3.0x/ic_drugs.png"],"assets/ic_edit.png":["assets/ic_edit.png","assets/2.0x/ic_edit.png","assets/3.0x/ic_edit.png"],"assets/ic_email.png":["assets/ic_email.png","assets/2.0x/ic_email.png","assets/3.0x/ic_email.png"],"assets/ic_empty_star.png":["assets/ic_empty_star.png","assets/2.0x/ic_empty_star.png","assets/3.0x/ic_empty_star.png"],"assets/ic_extra.png":["assets/ic_extra.png","assets/2.0x/ic_extra.png","assets/3.0x/ic_extra.png"],"assets/ic_file.png":["assets/ic_file.png","assets/2.0x/ic_file.png","assets/3.0x/ic_file.png"],"assets/ic_filter.png":["assets/ic_filter.png","assets/2.0x/ic_filter.png","assets/3.0x/ic_filter.png"],"assets/ic_half_star.png":["assets/ic_half_star.png","assets/2.0x/ic_half_star.png","assets/3.0x/ic_half_star.png"],"assets/ic_image.png":["assets/ic_image.png","assets/2.0x/ic_image.png","assets/3.0x/ic_image.png"],"assets/ic_like.png":["assets/ic_like.png","assets/2.0x/ic_like.png","assets/3.0x/ic_like.png"],"assets/ic_like_selected.png":["assets/ic_like_selected.png","assets/2.0x/ic_like_selected.png","assets/3.0x/ic_like_selected.png"],"assets/ic_location.png":["assets/ic_location.png","assets/2.0x/ic_location.png","assets/3.0x/ic_location.png"],"assets/ic_materials.png":["assets/ic_materials.png","assets/2.0x/ic_materials.png","assets/3.0x/ic_materials.png"],"assets/ic_minus.png":["assets/ic_minus.png","assets/2.0x/ic_minus.png","assets/3.0x/ic_minus.png"],"assets/ic_new.png":["assets/ic_new.png","assets/2.0x/ic_new.png","assets/3.0x/ic_new.png"],"assets/ic_orthodontics.png":["assets/ic_orthodontics.png","assets/2.0x/ic_orthodontics.png","assets/3.0x/ic_orthodontics.png"],"assets/ic_orthopedics.png":["assets/ic_orthopedics.png","assets/2.0x/ic_orthopedics.png","assets/3.0x/ic_orthopedics.png"],"assets/ic_owner.png":["assets/ic_owner.png","assets/2.0x/ic_owner.png","assets/3.0x/ic_owner.png"],"assets/ic_plus.png":["assets/ic_plus.png","assets/2.0x/ic_plus.png","assets/3.0x/ic_plus.png"],"assets/ic_profile.png":["assets/ic_profile.png","assets/2.0x/ic_profile.png","assets/3.0x/ic_profile.png"],"assets/ic_reviews.png":["assets/ic_reviews.png","assets/2.0x/ic_reviews.png","assets/3.0x/ic_reviews.png"],"assets/ic_right_arrow.png":["assets/ic_right_arrow.png","assets/2.0x/ic_right_arrow.png","assets/3.0x/ic_right_arrow.png"],"assets/ic_search.png":["assets/ic_search.png","assets/2.0x/ic_search.png","assets/3.0x/ic_search.png"],"assets/ic_send_message.png":["assets/ic_send_message.png","assets/2.0x/ic_send_message.png","assets/3.0x/ic_send_message.png"],"assets/ic_star.png":["assets/ic_star.png","assets/2.0x/ic_star.png","assets/3.0x/ic_star.png"],"assets/ic_stom_club.png":["assets/ic_stom_club.png","assets/2.0x/ic_stom_club.png","assets/3.0x/ic_stom_club.png"],"assets/ic_surgery.png":["assets/ic_surgery.png","assets/2.0x/ic_surgery.png","assets/3.0x/ic_surgery.png"],"assets/ic_telegram.png":["assets/ic_telegram.png","assets/2.0x/ic_telegram.png","assets/3.0x/ic_telegram.png"],"assets/ic_text_logo.png":["assets/ic_text_logo.png","assets/2.0x/ic_text_logo.png","assets/3.0x/ic_text_logo.png"],"assets/ic_therapy.png":["assets/ic_therapy.png","assets/2.0x/ic_therapy.png","assets/3.0x/ic_therapy.png"],"assets/ic_tools.png":["assets/ic_tools.png","assets/2.0x/ic_tools.png","assets/3.0x/ic_tools.png"],"assets/ic_tooth.png":["assets/ic_tooth.png","assets/2.0x/ic_tooth.png","assets/3.0x/ic_tooth.png"],"assets/ic_vk.png":["assets/ic_vk.png","assets/2.0x/ic_vk.png","assets/3.0x/ic_vk.png"],"assets/privacy_policy.txt":["assets/privacy_policy.txt"],"fonts/Inter-Bold.ttf":["fonts/Inter-Bold.ttf"],"fonts/Inter-Medium.ttf":["fonts/Inter-Medium.ttf"],"fonts/Inter-Regular.ttf":["fonts/Inter-Regular.ttf"],"fonts/Inter-SemiBold.ttf":["fonts/Inter-SemiBold.ttf"],"packages/cupertino_icons/assets/CupertinoIcons.ttf":["packages/cupertino_icons/assets/CupertinoIcons.ttf"],"packages/wakelock_web/assets/no_sleep.js":["packages/wakelock_web/assets/no_sleep.js"]}